county,consortium,year,pri_est_frequency,calfresh_persons_cy_avg,calfresh_eligibles,five_yr_est_range,pri_us_census_est_pct,month,quarter,fulldate
California,n/a,2010,Annual Est.,n/a,n/a,n/a,0.509,DEC,4.0,2010-12-01
Alameda,CalWIN,2010,Annual Est.,n/a,n/a,n/a,0.471651938,DEC,4.0,2010-12-01
Alpine,C-IV,2010,5-yr. Est.,n/a,n/a,2006-2010,0.01004,DEC,4.0,2010-12-01
Amador,C-IV,2010,5-yr. Est.,n/a,n/a,2006-2010,0.757,DEC,4.0,2010-12-01
Butte,C-IV,2010,Annual Est.,n/a,n/a,n/a,0.516418643,DEC,4.0,2010-12-01
Calaveras,C-IV,2010,5-yr. Est.,n/a,n/a,2006-2010,0.806,DEC,4.0,2010-12-01
Colusa,C-IV,2010,5-yr. Est.,n/a,n/a,2006-2010,0.379,DEC,4.0,2010-12-01
Contra Costa,CalWIN,2010,Annual Est.,n/a,n/a,n/a,0.48497638,DEC,4.0,2010-12-01
Del Norte,C-IV,2010,5-yr. Est.,n/a,n/a,2006-2010,0.859,DEC,4.0,2010-12-01
El Dorado,C-IV,2010,Annual Est.,n/a,n/a,n/a,0.472997661,DEC,4.0,2010-12-01
Fresno,CalWIN,2010,Annual Est.,n/a,n/a,n/a,0.782853247,DEC,4.0,2010-12-01
Glenn,C-IV,2010,5-yr. Est.,n/a,n/a,2006-2010,0.566,DEC,4.0,2010-12-01
Humboldt,C-IV,2010,Annual Est.,n/a,n/a,n/a,0.494349127,DEC,4.0,2010-12-01
Imperial,C-IV,2010,Annual Est.,n/a,n/a,n/a,0.707393173,DEC,4.0,2010-12-01
Inyo,C-IV,2010,5-yr. Est.,n/a,n/a,2006-2010,0.659,DEC,4.0,2010-12-01
Kern,C-IV,2010,Annual Est.,n/a,n/a,n/a,0.595946835,DEC,4.0,2010-12-01
Kings,C-IV,2010,Annual Est.,n/a,n/a,n/a,0.571645951,DEC,4.0,2010-12-01
Lake,C-IV,2010,Annual Est.,n/a,n/a,n/a,0.48514418,DEC,4.0,2010-12-01
Lassen,C-IV,2010,5-yr. Est.,n/a,n/a,2006-2010,0.741,DEC,4.0,2010-12-01
Los Angeles,LRS,2010,Annual Est.,n/a,n/a,n/a,0.473957283,DEC,4.0,2010-12-01
Madera,C-IV,2010,Annual Est.,n/a,n/a,n/a,0.683006816,DEC,4.0,2010-12-01
Marin,C-IV,2010,Annual Est.,n/a,n/a,n/a,0.307373425,DEC,4.0,2010-12-01
Mariposa,C-IV,2010,5-yr. Est.,n/a,n/a,2006-2010,0.5,DEC,4.0,2010-12-01
Mendocino,C-IV,2010,Annual Est.,n/a,n/a,n/a,0.519578443,DEC,4.0,2010-12-01
Merced,C-IV,2010,Annual Est.,n/a,n/a,n/a,0.775339497,DEC,4.0,2010-12-01
Modoc,C-IV,2010,5-yr. Est.,n/a,n/a,2006-2010,0.494,DEC,4.0,2010-12-01
Mono,C-IV,2010,5-yr. Est.,n/a,n/a,2006-2010,0.229,DEC,4.0,2010-12-01
Monterey,C-IV,2010,Annual Est.,n/a,n/a,n/a,0.439322903,DEC,4.0,2010-12-01
Napa,C-IV,2010,Annual Est.,n/a,n/a,n/a,0.309365116,DEC,4.0,2010-12-01
Nevada,C-IV,2010,Annual Est.,n/a,n/a,n/a,0.391368857,DEC,4.0,2010-12-01
Orange,CalWIN,2010,Annual Est.,n/a,n/a,n/a,0.394775844,DEC,4.0,2010-12-01
Placer,CalWIN,2010,Annual Est.,n/a,n/a,n/a,0.330467441,DEC,4.0,2010-12-01
Plumas,C-IV,2010,5-yr. Est.,n/a,n/a,2006-2010,0.388,DEC,4.0,2010-12-01
Riverside,C-IV,2010,Annual Est.,n/a,n/a,n/a,0.478043411,DEC,4.0,2010-12-01
Sacramento,CalWIN,2010,Annual Est.,n/a,n/a,n/a,0.689759743,DEC,4.0,2010-12-01
San Benito,C-IV,2010,5-yr. Est.,n/a,n/a,2006-2010,0.743,DEC,4.0,2010-12-01
San Bernardino,C-IV,2010,Annual Est.,n/a,n/a,n/a,0.696675269,DEC,4.0,2010-12-01
San Diego,CalWIN,2010,Annual Est.,n/a,n/a,n/a,0.337455854,DEC,4.0,2010-12-01
San Francisco,CalWIN,2010,Annual Est.,n/a,n/a,n/a,0.394491296,DEC,4.0,2010-12-01
San Joaquin,C-IV,2010,Annual Est.,n/a,n/a,n/a,0.629901902,DEC,4.0,2010-12-01
San Luis Obispo,CalWIN,2010,Annual Est.,n/a,n/a,n/a,0.346418854,DEC,4.0,2010-12-01
San Mateo,CalWIN,2010,Annual Est.,n/a,n/a,n/a,0.298583066,DEC,4.0,2010-12-01
Santa Barbara,CalWIN,2010,Annual Est.,n/a,n/a,n/a,0.328630689,DEC,4.0,2010-12-01
Santa Clara,CalWIN,2010,Annual Est.,n/a,n/a,n/a,0.432872285,DEC,4.0,2010-12-01
Santa Cruz,CalWIN,2010,Annual Est.,n/a,n/a,n/a,0.460087125,DEC,4.0,2010-12-01
Shasta,C-IV,2010,Annual Est.,n/a,n/a,n/a,0.588763834,DEC,4.0,2010-12-01
Sierra,C-IV,2010,5-yr. Est.,n/a,n/a,2006-2010,0.594,DEC,4.0,2010-12-01
Siskiyou,C-IV,2010,5-yr. Est.,n/a,n/a,2006-2010,0.594,DEC,4.0,2010-12-01
Solano,CalWIN,2010,Annual Est.,n/a,n/a,n/a,0.65288362,DEC,4.0,2010-12-01
Sonoma,CalWIN,2010,Annual Est.,n/a,n/a,n/a,0.33425411,DEC,4.0,2010-12-01
Stanislaus,C-IV,2010,Annual Est.,n/a,n/a,n/a,0.631487795,DEC,4.0,2010-12-01
Sutter,C-IV,2010,Annual Est.,n/a,n/a,n/a,0.527931631,DEC,4.0,2010-12-01
Tehama,C-IV,2010,5-yr. Est.,n/a,n/a,2006-2010,0.631,DEC,4.0,2010-12-01
Trinity,C-IV,2010,5-yr. Est.,n/a,n/a,2006-2010,0.592,DEC,4.0,2010-12-01
Tulare,CalWIN,2010,Annual Est.,n/a,n/a,n/a,0.783223256,DEC,4.0,2010-12-01
Tuolumne,C-IV,2010,5-yr. Est.,n/a,n/a,2006-2010,0.704,DEC,4.0,2010-12-01
Ventura,CalWIN,2010,Annual Est.,n/a,n/a,n/a,0.577459827,DEC,4.0,2010-12-01
Yolo,CalWIN,2010,Annual Est.,n/a,n/a,n/a,0.38733734,DEC,4.0,2010-12-01
Yuba,C-IV,2010,Annual Est.,n/a,n/a,n/a,0.776599088,DEC,4.0,2010-12-01
California,n/a,2011,Annual Est.,n/a,n/a,n/a,0.552,DEC,4.0,2011-12-01
Alameda,CalWIN,2011,Annual Est.,n/a,n/a,n/a,0.525249544,DEC,4.0,2011-12-01
Alpine,C-IV,2011,5-yr. Est.,n/a,n/a,2007-2011,0.721,DEC,4.0,2011-12-01
Amador,C-IV,2011,5-yr. Est.,n/a,n/a,2007-2011,0.703,DEC,4.0,2011-12-01
Butte,C-IV,2011,Annual Est.,n/a,n/a,n/a,0.442943207,DEC,4.0,2011-12-01
Calaveras,C-IV,2011,5-yr. Est.,n/a,n/a,2007-2011,0.955,DEC,4.0,2011-12-01
Colusa,C-IV,2011,5-yr. Est.,n/a,n/a,2007-2011,0.38,DEC,4.0,2011-12-01
Contra Costa,CalWIN,2011,Annual Est.,n/a,n/a,n/a,0.432285927,DEC,4.0,2011-12-01
Del Norte,C-IV,2011,5-yr. Est.,n/a,n/a,2007-2011,0.954,DEC,4.0,2011-12-01
El Dorado,C-IV,2011,Annual Est.,n/a,n/a,n/a,0.435000973,DEC,4.0,2011-12-01
Fresno,CalWIN,2011,Annual Est.,n/a,n/a,n/a,0.789128808,DEC,4.0,2011-12-01
Glenn,C-IV,2011,5-yr. Est.,n/a,n/a,2007-2011,0.544,DEC,4.0,2011-12-01
Humboldt,C-IV,2011,Annual Est.,n/a,n/a,n/a,0.499592583,DEC,4.0,2011-12-01
Imperial,C-IV,2011,Annual Est.,n/a,n/a,n/a,0.650984156,DEC,4.0,2011-12-01
Inyo,C-IV,2011,5-yr. Est.,n/a,n/a,2007-2011,0.688,DEC,4.0,2011-12-01
Kern,C-IV,2011,Annual Est.,n/a,n/a,n/a,0.625801369,DEC,4.0,2011-12-01
Kings,C-IV,2011,Annual Est.,n/a,n/a,n/a,0.783335156,DEC,4.0,2011-12-01
Lake,C-IV,2011,Annual Est.,n/a,n/a,n/a,0.520340894,DEC,4.0,2011-12-01
Lassen,C-IV,2011,5-yr. Est.,n/a,n/a,2007-2011,0.717,DEC,4.0,2011-12-01
Los Angeles,LRS,2011,Annual Est.,n/a,n/a,n/a,0.521027854,DEC,4.0,2011-12-01
Madera,C-IV,2011,Annual Est.,n/a,n/a,n/a,0.756640541,DEC,4.0,2011-12-01
Marin,C-IV,2011,Annual Est.,n/a,n/a,n/a,0.310546084,DEC,4.0,2011-12-01
Mariposa,C-IV,2011,5-yr. Est.,n/a,n/a,2007-2011,0.574,DEC,4.0,2011-12-01
Mendocino,C-IV,2011,Annual Est.,n/a,n/a,n/a,0.610810955,DEC,4.0,2011-12-01
Merced,C-IV,2011,Annual Est.,n/a,n/a,n/a,0.632479111,DEC,4.0,2011-12-01
Modoc,C-IV,2011,5-yr. Est.,n/a,n/a,2007-2011,0.414,DEC,4.0,2011-12-01
Mono,C-IV,2011,5-yr. Est.,n/a,n/a,2007-2011,0.232,DEC,4.0,2011-12-01
Monterey,C-IV,2011,Annual Est.,n/a,n/a,n/a,0.475683774,DEC,4.0,2011-12-01
Napa,C-IV,2011,Annual Est.,n/a,n/a,n/a,0.311930967,DEC,4.0,2011-12-01
Nevada,C-IV,2011,Annual Est.,n/a,n/a,n/a,0.395139119,DEC,4.0,2011-12-01
Orange,CalWIN,2011,Annual Est.,n/a,n/a,n/a,0.450235747,DEC,4.0,2011-12-01
Placer,CalWIN,2011,Annual Est.,n/a,n/a,n/a,0.416494548,DEC,4.0,2011-12-01
Plumas,C-IV,2011,5-yr. Est.,n/a,n/a,2007-2011,0.447,DEC,4.0,2011-12-01
Riverside,C-IV,2011,Annual Est.,n/a,n/a,n/a,0.554239506,DEC,4.0,2011-12-01
Sacramento,CalWIN,2011,Annual Est.,n/a,n/a,n/a,0.70336555,DEC,4.0,2011-12-01
San Benito,C-IV,2011,5-yr. Est.,n/a,n/a,2007-2011,0.829,DEC,4.0,2011-12-01
San Bernardino,C-IV,2011,Annual Est.,n/a,n/a,n/a,0.788259034,DEC,4.0,2011-12-01
San Diego,CalWIN,2011,Annual Est.,n/a,n/a,n/a,0.411857949,DEC,4.0,2011-12-01
San Francisco,CalWIN,2011,Annual Est.,n/a,n/a,n/a,0.425921671,DEC,4.0,2011-12-01
San Joaquin,C-IV,2011,Annual Est.,n/a,n/a,n/a,0.72413396,DEC,4.0,2011-12-01
San Luis Obispo,CalWIN,2011,Annual Est.,n/a,n/a,n/a,0.345002716,DEC,4.0,2011-12-01
San Mateo,CalWIN,2011,Annual Est.,n/a,n/a,n/a,0.326241743,DEC,4.0,2011-12-01
Santa Barbara,CalWIN,2011,Annual Est.,n/a,n/a,n/a,0.47816454,DEC,4.0,2011-12-01
Santa Clara,CalWIN,2011,Annual Est.,n/a,n/a,n/a,0.479922799,DEC,4.0,2011-12-01
Santa Cruz,CalWIN,2011,Annual Est.,n/a,n/a,n/a,0.499027527,DEC,4.0,2011-12-01
Shasta,C-IV,2011,Annual Est.,n/a,n/a,n/a,0.576930174,DEC,4.0,2011-12-01
Sierra,C-IV,2011,5-yr. Est.,n/a,n/a,2007-2011,0.409,DEC,4.0,2011-12-01
Siskiyou,C-IV,2011,5-yr. Est.,n/a,n/a,2007-2011,0.583,DEC,4.0,2011-12-01
Solano,CalWIN,2011,Annual Est.,n/a,n/a,n/a,0.653980503,DEC,4.0,2011-12-01
Sonoma,CalWIN,2011,Annual Est.,n/a,n/a,n/a,0.455102253,DEC,4.0,2011-12-01
Stanislaus,C-IV,2011,Annual Est.,n/a,n/a,n/a,0.650434566,DEC,4.0,2011-12-01
Sutter,C-IV,2011,Annual Est.,n/a,n/a,n/a,0.53532334,DEC,4.0,2011-12-01
Tehama,C-IV,2011,5-yr. Est.,n/a,n/a,2007-2011,0.629,DEC,4.0,2011-12-01
Trinity,C-IV,2011,5-yr. Est.,n/a,n/a,2007-2011,0.495,DEC,4.0,2011-12-01
Tulare,CalWIN,2011,Annual Est.,n/a,n/a,n/a,0.802259748,DEC,4.0,2011-12-01
Tuolumne,C-IV,2011,5-yr. Est.,n/a,n/a,2007-2011,0.604,DEC,4.0,2011-12-01
Ventura,CalWIN,2011,Annual Est.,n/a,n/a,n/a,0.601114887,DEC,4.0,2011-12-01
Yolo,CalWIN,2011,Annual Est.,n/a,n/a,n/a,0.308038589,DEC,4.0,2011-12-01
Yuba,C-IV,2011,Annual Est.,n/a,n/a,n/a,0.948,DEC,4.0,2011-12-01
California,n/a,2012,Annual Est.,4062300.167,7121279.818,n/a,0.57,DEC,4.0,2012-12-01
Alameda,CalWIN,2012,Annual Est.,124449,220282.4062,n/a,0.564952064,DEC,4.0,2012-12-01
Alpine,C-IV,2012,5-yr. Est.,145.9166667,194.8231579,2008-2012,0.748969826,DEC,4.0,2012-12-01
Amador,C-IV,2012,5-yr. Est.,3248.416667,4236.603121,2008-2012,0.766750289,DEC,4.0,2012-12-01
Butte,C-IV,2012,Annual Est.,29132.41667,56950.07135,n/a,0.511543111,DEC,4.0,2012-12-01
Calaveras,C-IV,2012,5-yr. Est.,4975.916667,5990.381522,2008-2012,0.830651044,DEC,4.0,2012-12-01
Colusa,C-IV,2012,5-yr. Est.,1725.583333,4435.385281,2008-2012,0.389049254,DEC,4.0,2012-12-01
Contra Costa,CalWIN,2012,Annual Est.,68545.75,135136.6254,n/a,0.507232956,DEC,4.0,2012-12-01
Del Norte,C-IV,2012,5-yr. Est.,5379.5,5695.773792,2008-2012,0.944472199,DEC,4.0,2012-12-01
El Dorado,C-IV,2012,Annual Est.,11655.25,19222.85839,n/a,0.606322419,DEC,4.0,2012-12-01
Fresno,CalWIN,2012,Annual Est.,214900,283512.8056,n/a,0.757990453,DEC,4.0,2012-12-01
Glenn,C-IV,2012,5-yr. Est.,3440.666667,6413.054973,2008-2012,0.536509773,DEC,4.0,2012-12-01
Humboldt,C-IV,2012,Annual Est.,15352.25,32856.86267,n/a,0.467246376,DEC,4.0,2012-12-01
Imperial,C-IV,2012,Annual Est.,36155.16667,44744.18953,n/a,0.808041604,DEC,4.0,2012-12-01
Inyo,C-IV,2012,5-yr. Est.,1953.5,2515.101602,2008-2012,0.776708185,DEC,4.0,2012-12-01
Kern,C-IV,2012,Annual Est.,139786.4167,213671.261,n/a,0.654212532,DEC,4.0,2012-12-01
Kings,C-IV,2012,Annual Est.,22918.66667,33430.73986,n/a,0.685556669,DEC,4.0,2012-12-01
Lake,C-IV,2012,Annual Est.,10126.25,19370.3412,n/a,0.522757957,DEC,4.0,2012-12-01
Lassen,C-IV,2012,5-yr. Est.,2943.916667,4471.131513,2008-2012,0.658427662,DEC,4.0,2012-12-01
Los Angeles,LRS,2012,Annual Est.,1088704.25,2021647.948,n/a,0.538523164,DEC,4.0,2012-12-01
Madera,C-IV,2012,Annual Est.,26415.33333,38098.68885,n/a,0.693339696,DEC,4.0,2012-12-01
Marin,C-IV,2012,Annual Est.,9315.5,20101.09749,n/a,0.463432407,DEC,4.0,2012-12-01
Mariposa,C-IV,2012,5-yr. Est.,1774.583333,2847.978871,2008-2012,0.623102703,DEC,4.0,2012-12-01
Mendocino,C-IV,2012,Annual Est.,13552.75,19738.82048,n/a,0.686616509,DEC,4.0,2012-12-01
Merced,C-IV,2012,Annual Est.,53643.41667,67910.30696,n/a,0.789915685,DEC,4.0,2012-12-01
Modoc,C-IV,2012,5-yr. Est.,1006,2460.371816,2008-2012,0.408881289,DEC,4.0,2012-12-01
Mono,C-IV,2012,5-yr. Est.,695.5,2221.050448,2008-2012,0.313140118,DEC,4.0,2012-12-01
Monterey,C-IV,2012,Annual Est.,44709.66667,80399.99454,n/a,0.556094565,DEC,4.0,2012-12-01
Napa,C-IV,2012,Annual Est.,7200.833333,18310.88619,n/a,0.393254224,DEC,4.0,2012-12-01
Nevada,C-IV,2012,Annual Est.,7025.25,14198.34296,n/a,0.494776047,DEC,4.0,2012-12-01
Orange,CalWIN,2012,Annual Est.,218440.5833,453553.1417,n/a,0.481620704,DEC,4.0,2012-12-01
Placer,CalWIN,2012,Annual Est.,17912.75,42086.80951,n/a,0.425614348,DEC,4.0,2012-12-01
Plumas,C-IV,2012,5-yr. Est.,1637,3547.678955,2008-2012,0.46142845,DEC,4.0,2012-12-01
Riverside,C-IV,2012,Annual Est.,267193.4167,482427.2752,n/a,0.553852219,DEC,4.0,2012-12-01
Sacramento,CalWIN,2012,Annual Est.,204383.75,310461.5672,n/a,0.658322226,DEC,4.0,2012-12-01
San Benito,C-IV,2012,5-yr. Est.,6167.416667,8551.018117,2008-2012,0.721249398,DEC,4.0,2012-12-01
San Bernardino,C-IV,2012,Annual Est.,358854.8333,474490.9036,n/a,0.756294442,DEC,4.0,2012-12-01
San Diego,CalWIN,2012,Annual Est.,247227.4167,564164.4746,n/a,0.438218689,DEC,4.0,2012-12-01
San Francisco,CalWIN,2012,Annual Est.,50980.91667,121505.8722,n/a,0.419575744,DEC,4.0,2012-12-01
San Joaquin,C-IV,2012,Annual Est.,107506.75,138592.4051,n/a,0.775704483,DEC,4.0,2012-12-01
San Luis Obispo,CalWIN,2012,Annual Est.,17536.75,43666.93102,n/a,0.401602531,DEC,4.0,2012-12-01
San Mateo,CalWIN,2012,Annual Est.,27877.5,72926.38657,n/a,0.382269043,DEC,4.0,2012-12-01
Santa Barbara,CalWIN,2012,Annual Est.,32135.91667,76854.9231,n/a,0.418137386,DEC,4.0,2012-12-01
Santa Clara,CalWIN,2012,Annual Est.,105371.0833,220690.5633,n/a,0.477460757,DEC,4.0,2012-12-01
Santa Cruz,CalWIN,2012,Annual Est.,21794.5,37038.96801,n/a,0.588420822,DEC,4.0,2012-12-01
Shasta,C-IV,2012,Annual Est.,24701.91667,33388.90399,n/a,0.739824125,DEC,4.0,2012-12-01
Sierra,C-IV,2012,5-yr. Est.,283.75,622.6023529,2008-2012,0.455748358,DEC,4.0,2012-12-01
Siskiyou,C-IV,2012,5-yr. Est.,6124.083333,10259.45853,2008-2012,0.596920716,DEC,4.0,2012-12-01
Solano,CalWIN,2012,Annual Est.,40115.41667,65053.4405,n/a,0.616653268,DEC,4.0,2012-12-01
Sonoma,CalWIN,2012,Annual Est.,33699.58333,74079.337,n/a,0.454912054,DEC,4.0,2012-12-01
Stanislaus,C-IV,2012,Annual Est.,88080.58333,117475.0886,n/a,0.749780948,DEC,4.0,2012-12-01
Sutter,C-IV,2012,Annual Est.,11926.41667,20846.288,n/a,0.572100163,DEC,4.0,2012-12-01
Tehama,C-IV,2012,5-yr. Est.,9693.583333,14556.19699,2008-2012,0.665942027,DEC,4.0,2012-12-01
Trinity,C-IV,2012,5-yr. Est.,1563.333333,3087.688701,2008-2012,0.506311835,DEC,4.0,2012-12-01
Tulare,CalWIN,2012,Annual Est.,110247,151607.1682,n/a,0.727188571,DEC,4.0,2012-12-01
Tuolumne,C-IV,2012,5-yr. Est.,5156.083333,8975.860278,2008-2012,0.574438903,DEC,4.0,2012-12-01
Ventura,CalWIN,2012,Annual Est.,65090.83333,105819.891,n/a,0.615109623,DEC,4.0,2012-12-01
Yolo,CalWIN,2012,Annual Est.,16837.33333,44017.73644,n/a,0.382512476,DEC,4.0,2012-12-01
Yuba,C-IV,2012,Annual Est.,12882,19439.97662,n/a,0.663,DEC,4.0,2012-12-01
California,n/a,2013,Annual Est.,4237437.417,7166748.688,n/a,0.59126357,DEC,4.0,2013-12-01
Alameda,CalWIN,2013,Annual Est.,127163.6667,220033.7711,n/a,0.577927952,DEC,4.0,2013-12-01
Alpine,C-IV,2013,5-yr. Est.,156.9166667,221.7802283,2009-2013,0.707532262,DEC,4.0,2013-12-01
Amador,C-IV,2013,5-yr. Est.,3285.75,4989.423287,2009-2013,0.658543044,DEC,4.0,2013-12-01
Butte,C-IV,2013,Annual Est.,30041.5,57536.06546,n/a,0.522133374,DEC,4.0,2013-12-01
Calaveras,C-IV,2013,5-yr. Est.,4973.166667,6021.958635,2009-2013,0.825838729,DEC,4.0,2013-12-01
Colusa,C-IV,2013,5-yr. Est.,1741.333333,3770.961319,2009-2013,0.461774382,DEC,4.0,2013-12-01
Contra Costa,CalWIN,2013,Annual Est.,69084.16667,145292.7796,n/a,0.475482449,DEC,4.0,2013-12-01
Del Norte,C-IV,2013,5-yr. Est.,5129.833333,5923.479124,2009-2013,0.866016952,DEC,4.0,2013-12-01
El Dorado,C-IV,2013,Annual Est.,11787,26641.3836,n/a,0.442431976,DEC,4.0,2013-12-01
Fresno,CalWIN,2013,Annual Est.,220594.0833,280018.2793,n/a,0.787784583,DEC,4.0,2013-12-01
Glenn,C-IV,2013,5-yr. Est.,3534.083333,6195.807767,2009-2013,0.570399126,DEC,4.0,2013-12-01
Humboldt,C-IV,2013,Annual Est.,16223.75,34042.68273,n/a,0.476570843,DEC,4.0,2013-12-01
Imperial,C-IV,2013,Annual Est.,37016.16667,44789.88102,n/a,0.826440388,DEC,4.0,2013-12-01
Inyo,C-IV,2013,5-yr. Est.,2052.333333,2765.882007,2009-2013,0.742017674,DEC,4.0,2013-12-01
Kern,C-IV,2013,Annual Est.,144286.3333,224185.4255,n/a,0.643602647,DEC,4.0,2013-12-01
Kings,C-IV,2013,Annual Est.,23489.41667,34890.97401,n/a,0.6732233,DEC,4.0,2013-12-01
Lake,C-IV,2013,Annual Est.,10336,17452.4775,n/a,0.592236833,DEC,4.0,2013-12-01
Lassen,C-IV,2013,5-yr. Est.,2991.333333,4398.023486,2009-2013,0.680154015,DEC,4.0,2013-12-01
Los Angeles,LRS,2013,Annual Est.,1147939.167,2088070.076,n/a,0.549760844,DEC,4.0,2013-12-01
Madera,C-IV,2013,Annual Est.,26960.58333,38832.0107,n/a,0.694287595,DEC,4.0,2013-12-01
Marin,C-IV,2013,Annual Est.,9674.5,22421.14454,n/a,0.431490015,DEC,4.0,2013-12-01
Mariposa,C-IV,2013,5-yr. Est.,1868.333333,3154.614871,2009-2013,0.592254018,DEC,4.0,2013-12-01
Mendocino,C-IV,2013,Annual Est.,13212.5,22380.62258,n/a,0.590354444,DEC,4.0,2013-12-01
Merced,C-IV,2013,Annual Est.,55300.33333,70246.79621,n/a,0.787229259,DEC,4.0,2013-12-01
Modoc,C-IV,2013,5-yr. Est.,947.1666667,2621.530766,2009-2013,0.361302899,DEC,4.0,2013-12-01
Mono,C-IV,2013,5-yr. Est.,650.1666667,2021.297001,2009-2013,0.321658156,DEC,4.0,2013-12-01
Monterey,C-IV,2013,Annual Est.,47192.66667,83051.85586,n/a,0.568231332,DEC,4.0,2013-12-01
Napa,C-IV,2013,Annual Est.,6891.25,16769.9837,n/a,0.410927651,DEC,4.0,2013-12-01
Nevada,C-IV,2013,Annual Est.,7403,16674.10874,n/a,0.443981751,DEC,4.0,2013-12-01
Orange,CalWIN,2013,Annual Est.,234687.75,444094.5928,n/a,0.528463426,DEC,4.0,2013-12-01
Placer,CalWIN,2013,Annual Est.,17888.66667,39483.83882,n/a,0.453063005,DEC,4.0,2013-12-01
Plumas,C-IV,2013,5-yr. Est.,1679,3815.722468,2009-2013,0.44002152,DEC,4.0,2013-12-01
Riverside,C-IV,2013,Annual Est.,279605,469029.0095,n/a,0.596135835,DEC,4.0,2013-12-01
Sacramento,CalWIN,2013,Annual Est.,210970,306054.5327,n/a,0.689321599,DEC,4.0,2013-12-01
San Benito,C-IV,2013,5-yr. Est.,6225.916667,8523.86921,2009-2013,0.73040969,DEC,4.0,2013-12-01
San Bernardino,C-IV,2013,Annual Est.,373583.6667,441318.9937,n/a,0.846516175,DEC,4.0,2013-12-01
San Diego,CalWIN,2013,Annual Est.,262347.75,553957.5131,n/a,0.473588215,DEC,4.0,2013-12-01
San Francisco,CalWIN,2013,Annual Est.,50531.75,120297.2063,n/a,0.420057552,DEC,4.0,2013-12-01
San Joaquin,C-IV,2013,Annual Est.,112816.5,156985.4932,n/a,0.718642836,DEC,4.0,2013-12-01
San Luis Obispo,CalWIN,2013,Annual Est.,17609.41667,47790.76487,n/a,0.368469028,DEC,4.0,2013-12-01
San Mateo,CalWIN,2013,Annual Est.,29752.25,68113.99217,n/a,0.436800855,DEC,4.0,2013-12-01
Santa Barbara,CalWIN,2013,Annual Est.,33053.25,79413.5422,n/a,0.416216795,DEC,4.0,2013-12-01
Santa Clara,CalWIN,2013,Annual Est.,110861.4167,215576.6746,n/a,0.514255157,DEC,4.0,2013-12-01
Santa Cruz,CalWIN,2013,Annual Est.,23049.33333,42178.84438,n/a,0.546466687,DEC,4.0,2013-12-01
Shasta,C-IV,2013,Annual Est.,23489.16667,40244.80616,n/a,0.583657095,DEC,4.0,2013-12-01
Sierra,C-IV,2013,5-yr. Est.,303.1666667,696.6078183,2009-2013,0.435204226,DEC,4.0,2013-12-01
Siskiyou,C-IV,2013,5-yr. Est.,6538.083333,10390.20674,2009-2013,0.629254402,DEC,4.0,2013-12-01
Solano,CalWIN,2013,Annual Est.,41574.16667,61759.51409,n/a,0.67316214,DEC,4.0,2013-12-01
Sonoma,CalWIN,2013,Annual Est.,35187.5,71126.61558,n/a,0.494716355,DEC,4.0,2013-12-01
Stanislaus,C-IV,2013,Annual Est.,90975,125680.3264,n/a,0.72386031,DEC,4.0,2013-12-01
Sutter,C-IV,2013,Annual Est.,12365.83333,22882.8572,n/a,0.54039726,DEC,4.0,2013-12-01
Tehama,C-IV,2013,5-yr. Est.,9909.166667,14220.39899,2009-2013,0.696827612,DEC,4.0,2013-12-01
Trinity,C-IV,2013,5-yr. Est.,1561.75,3100.499365,2009-2013,0.503709182,DEC,4.0,2013-12-01
Tulare,CalWIN,2013,Annual Est.,115750.5,147862.5926,n/a,0.782824769,DEC,4.0,2013-12-01
Tuolumne,C-IV,2013,5-yr. Est.,5225.083333,9822.277121,2009-2013,0.531962524,DEC,4.0,2013-12-01
Ventura,CalWIN,2013,Annual Est.,68079.58333,112131.8937,n/a,0.607138443,DEC,4.0,2013-12-01
Yolo,CalWIN,2013,Annual Est.,17032.91667,42449.3696,n/a,0.401252523,DEC,4.0,2013-12-01
Yuba,C-IV,2013,Annual Est.,12857.33333,14308.2094,n/a,0.898598348,DEC,4.0,2013-12-01
California,n/a,2014,Annual Est.,4428870.833,6980318.993,n/a,0.634,DEC,4.0,2014-12-01
Alameda,CalWIN,2014,Annual Est.,125982.25,214362.7492,n/a,0.587705889,DEC,4.0,2014-12-01
Alpine,C-IV,2014,5-yr. Est.,182.75,227.604,2010-2014,0.80292965,DEC,4.0,2014-12-01
Amador,C-IV,2014,5-yr. Est.,3367.75,5066.8769,2010-2014,0.664659921,DEC,4.0,2014-12-01
Butte,C-IV,2014,Annual Est.,30891.16667,54488.45734,n/a,0.566930469,DEC,4.0,2014-12-01
Calaveras,C-IV,2014,5-yr. Est.,5204.5,6481.84314,2010-2014,0.802935197,DEC,4.0,2014-12-01
Colusa,C-IV,2014,5-yr. Est.,1694.5,4329.111133,2010-2014,0.391419843,DEC,4.0,2014-12-01
Contra Costa,CalWIN,2014,Annual Est.,73883.5,129295.0124,n/a,0.571433489,DEC,4.0,2014-12-01
Del Norte,C-IV,2014,5-yr. Est.,5196.166667,5678.398909,2010-2014,0.915076019,DEC,4.0,2014-12-01
El Dorado,C-IV,2014,Annual Est.,12445.58333,27235.39067,n/a,0.456963643,DEC,4.0,2014-12-01
Fresno,CalWIN,2014,Annual Est.,226953.1667,281485.6439,n/a,0.806269064,DEC,4.0,2014-12-01
Glenn,C-IV,2014,5-yr. Est.,3655.916667,6547.321475,2010-2014,0.558383559,DEC,4.0,2014-12-01
Humboldt,C-IV,2014,Annual Est.,18791.33333,33221.69739,n/a,0.565634354,DEC,4.0,2014-12-01
Imperial,C-IV,2014,Annual Est.,40122.83333,44825.9023,n/a,0.895081443,DEC,4.0,2014-12-01
Inyo,C-IV,2014,5-yr. Est.,2138,2967.70218,2010-2014,0.720422694,DEC,4.0,2014-12-01
Kern,C-IV,2014,Annual Est.,147974.1667,225536.4475,n/a,0.656098685,DEC,4.0,2014-12-01
Kings,C-IV,2014,Annual Est.,23966.33333,38859.03515,n/a,0.616750602,DEC,4.0,2014-12-01
Lake,C-IV,2014,Annual Est.,11014.5,17435.21142,n/a,0.631767504,DEC,4.0,2014-12-01
Lassen,C-IV,2014,5-yr. Est.,3188.666667,4056.23815,2010-2014,0.786114264,DEC,4.0,2014-12-01
Los Angeles,LRS,2014,Annual Est.,1185610.167,2032449.545,n/a,0.583340516,DEC,4.0,2014-12-01
Madera,C-IV,2014,Annual Est.,28835.08333,38902.72256,n/a,0.741209906,DEC,4.0,2014-12-01
Marin,C-IV,2014,Annual Est.,10307.66667,22695.63187,n/a,0.454169627,DEC,4.0,2014-12-01
Mariposa,C-IV,2014,5-yr. Est.,2016.75,3171.7656,2010-2014,0.635844591,DEC,4.0,2014-12-01
Mendocino,C-IV,2014,Annual Est.,13782.75,19834.10262,n/a,0.694914222,DEC,4.0,2014-12-01
Merced,C-IV,2014,Annual Est.,57188.08333,74498.9489,n/a,0.76763611,DEC,4.0,2014-12-01
Modoc,C-IV,2014,5-yr. Est.,1005.083333,2247.367847,2010-2014,0.44722689,DEC,4.0,2014-12-01
Mono,C-IV,2014,5-yr. Est.,856,1714.07704,2010-2014,0.499394123,DEC,4.0,2014-12-01
Monterey,C-IV,2014,Annual Est.,50079.41667,76819.0947,n/a,0.651908229,DEC,4.0,2014-12-01
Napa,C-IV,2014,Annual Est.,7300.75,13996.58318,n/a,0.521609446,DEC,4.0,2014-12-01
Nevada,C-IV,2014,Annual Est.,7722.666667,12648.7451,n/a,0.610574404,DEC,4.0,2014-12-01
Orange,CalWIN,2014,Annual Est.,258603,443857.4896,n/a,0.582626194,DEC,4.0,2014-12-01
Placer,CalWIN,2014,Annual Est.,18534.83333,41238.66704,n/a,0.449452775,DEC,4.0,2014-12-01
Plumas,C-IV,2014,5-yr. Est.,1895.333333,3602.333137,2010-2014,0.526140493,DEC,4.0,2014-12-01
Riverside,C-IV,2014,Annual Est.,290271.9167,455320.1841,n/a,0.637511639,DEC,4.0,2014-12-01
Sacramento,CalWIN,2014,Annual Est.,217509.3333,295178.3949,n/a,0.736874165,DEC,4.0,2014-12-01
San Benito,C-IV,2014,5-yr. Est.,6198.166667,8761.708297,2010-2014,0.707415319,DEC,4.0,2014-12-01
San Bernardino,C-IV,2014,Annual Est.,391793.8333,458342.861,n/a,0.85480514,DEC,4.0,2014-12-01
San Diego,CalWIN,2014,Annual Est.,283887.0833,548765.9531,n/a,0.517319053,DEC,4.0,2014-12-01
San Francisco,CalWIN,2014,Annual Est.,52291.83333,100797.7919,n/a,0.518779552,DEC,4.0,2014-12-01
San Joaquin,C-IV,2014,Annual Est.,117660.5833,155948.4021,n/a,0.754484059,DEC,4.0,2014-12-01
San Luis Obispo,CalWIN,2014,Annual Est.,18107.16667,45982.30134,n/a,0.393785568,DEC,4.0,2014-12-01
San Mateo,CalWIN,2014,Annual Est.,32223.75,63838.64428,n/a,0.504768708,DEC,4.0,2014-12-01
Santa Barbara,CalWIN,2014,Annual Est.,35297.08333,83642.14016,n/a,0.422001198,DEC,4.0,2014-12-01
Santa Clara,CalWIN,2014,Annual Est.,113253.5,173716.0703,n/a,0.651946016,DEC,4.0,2014-12-01
Santa Cruz,CalWIN,2014,Annual Est.,24074.83333,47670.41209,n/a,0.505026751,DEC,4.0,2014-12-01
Shasta,C-IV,2014,Annual Est.,24531.75,29544.13269,n/a,0.830342534,DEC,4.0,2014-12-01
Sierra,C-IV,2014,5-yr. Est.,300.5,535.0838027,2010-2014,0.561594275,DEC,4.0,2014-12-01
Siskiyou,C-IV,2014,5-yr. Est.,6946.75,11466.60728,2010-2014,0.605824358,DEC,4.0,2014-12-01
Solano,CalWIN,2014,Annual Est.,43408.5,56428.94271,n/a,0.769259495,DEC,4.0,2014-12-01
Sonoma,CalWIN,2014,Annual Est.,35227,69970.76088,n/a,0.50345315,DEC,4.0,2014-12-01
Stanislaus,C-IV,2014,Annual Est.,92205.41667,115984.8933,n/a,0.794977812,DEC,4.0,2014-12-01
Sutter,C-IV,2014,Annual Est.,12977.91667,16038.08874,n/a,0.809198665,DEC,4.0,2014-12-01
Tehama,C-IV,2014,5-yr. Est.,10781.16667,14124.95178,2010-2014,0.763271042,DEC,4.0,2014-12-01
Trinity,C-IV,2014,5-yr. Est.,1787.416667,3023.154681,2010-2014,0.591242214,DEC,4.0,2014-12-01
Tulare,CalWIN,2014,Annual Est.,126110.0833,139566.3474,n/a,0.903585182,DEC,4.0,2014-12-01
Tuolumne,C-IV,2014,5-yr. Est.,5502.25,9986.62194,2010-2014,0.55096208,DEC,4.0,2014-12-01
Ventura,CalWIN,2014,Annual Est.,74195.16667,114149.9346,n/a,0.649979931,DEC,4.0,2014-12-01
Yolo,CalWIN,2014,Annual Est.,18623.91667,50238.24506,n/a,0.370711928,DEC,4.0,2014-12-01
Yuba,C-IV,2014,Annual Est.,13313.25,17375.6149,n/a,0.766,DEC,4.0,2014-12-01
California,n/a,2015,Annual Est.,4469489.333,6409430.18,n/a,0.697330164,DEC,4.0,2015-12-01
Alameda,CalWIN,2015,Annual Est.,120817.0833,189599.3825,n/a,0.637222979,DEC,4.0,2015-12-01
Alpine,C-IV,2015,5-yr. Est.,167.6666667,251.7623537,2011-2015,0.665971954,DEC,4.0,2015-12-01
Amador,C-IV,2015,5-yr. Est.,3396.583333,4641.21527,2011-2015,0.731830595,DEC,4.0,2015-12-01
Butte,C-IV,2015,Annual Est.,31978.16667,53294.93569,n/a,0.600022615,DEC,4.0,2015-12-01
Calaveras,C-IV,2015,5-yr. Est.,5433,6513.438166,2011-2015,0.834121682,DEC,4.0,2015-12-01
Colusa,C-IV,2015,5-yr. Est.,1548,3891.279398,2011-2015,0.397812607,DEC,4.0,2015-12-01
Contra Costa,CalWIN,2015,Annual Est.,71780.41667,129091.9151,n/a,0.556041148,DEC,4.0,2015-12-01
Del Norte,C-IV,2015,5-yr. Est.,5193.5,5724.014903,2011-2015,0.907317694,DEC,4.0,2015-12-01
El Dorado,C-IV,2015,Annual Est.,13136.75,20083.83888,n/a,0.654095568,DEC,4.0,2015-12-01
Fresno,CalWIN,2015,Annual Est.,228248.5833,261386.4515,n/a,0.873222702,DEC,4.0,2015-12-01
Glenn,C-IV,2015,5-yr. Est.,3606.833333,6488.522581,2011-2015,0.555878983,DEC,4.0,2015-12-01
Humboldt,C-IV,2015,Annual Est.,20982.66667,31850.8618,n/a,0.658778616,DEC,4.0,2015-12-01
Imperial,C-IV,2015,Annual Est.,43185,47595.45283,n/a,0.907334576,DEC,4.0,2015-12-01
Inyo,C-IV,2015,5-yr. Est.,2081.166667,2591.643473,2011-2015,0.803029695,DEC,4.0,2015-12-01
Kern,C-IV,2015,Annual Est.,158932,207468.1105,n/a,0.76605508,DEC,4.0,2015-12-01
Kings,C-IV,2015,Annual Est.,24667.5,35958.11237,n/a,0.686006533,DEC,4.0,2015-12-01
Lake,C-IV,2015,Annual Est.,12322.83333,14762.32464,n/a,0.834748837,DEC,4.0,2015-12-01
Lassen,C-IV,2015,5-yr. Est.,3188.916667,3734.384459,2011-2015,0.853933681,DEC,4.0,2015-12-01
Los Angeles,LRS,2015,Annual Est.,1177606.25,1776819.902,n/a,0.662760615,DEC,4.0,2015-12-01
Madera,C-IV,2015,Annual Est.,29757.5,32412.66998,n/a,0.918082343,DEC,4.0,2015-12-01
Marin,C-IV,2015,Annual Est.,10586,23708.45691,n/a,0.446507339,DEC,4.0,2015-12-01
Mariposa,C-IV,2015,5-yr. Est.,2104.5,3054.690515,2011-2015,0.688940496,DEC,4.0,2015-12-01
Mendocino,C-IV,2015,Annual Est.,13191.75,19173.64808,n/a,0.68801461,DEC,4.0,2015-12-01
Merced,C-IV,2015,Annual Est.,58408.25,79373.22486,n/a,0.735868425,DEC,4.0,2015-12-01
Modoc,C-IV,2015,5-yr. Est.,1000,2017.086816,2011-2015,0.495764482,DEC,4.0,2015-12-01
Mono,C-IV,2015,5-yr. Est.,832,1202.93535,2011-2015,0.691641492,DEC,4.0,2015-12-01
Monterey,C-IV,2015,Annual Est.,51644.83333,67987.33264,n/a,0.75962435,DEC,4.0,2015-12-01
Napa,C-IV,2015,Annual Est.,7501.5,19657.15655,n/a,0.38161674,DEC,4.0,2015-12-01
Nevada,C-IV,2015,Annual Est.,7736.583333,18076.10285,n/a,0.428000626,DEC,4.0,2015-12-01
Orange,CalWIN,2015,Annual Est.,256994.9167,420793.17,n/a,0.610739278,DEC,4.0,2015-12-01
Placer,CalWIN,2015,Annual Est.,18227.41667,38477.51608,n/a,0.473716043,DEC,4.0,2015-12-01
Plumas,C-IV,2015,5-yr. Est.,2050.25,3447.572362,2011-2015,0.594693826,DEC,4.0,2015-12-01
Riverside,C-IV,2015,Annual Est.,294433.1667,423742.1906,n/a,0.694840337,DEC,4.0,2015-12-01
Sacramento,CalWIN,2015,Annual Est.,219942.75,264162.8527,n/a,0.832602873,DEC,4.0,2015-12-01
San Benito,C-IV,2015,5-yr. Est.,6089.333333,7772.211442,2011-2015,0.783474997,DEC,4.0,2015-12-01
San Bernardino,C-IV,2015,Annual Est.,401294.3333,433056.8032,n/a,0.926655188,DEC,4.0,2015-12-01
San Diego,CalWIN,2015,Annual Est.,291172.5,508224.4348,n/a,0.572921096,DEC,4.0,2015-12-01
San Francisco,CalWIN,2015,Annual Est.,52042.25,102650.8736,n/a,0.506983021,DEC,4.0,2015-12-01
San Joaquin,C-IV,2015,Annual Est.,121333.5833,131235.1699,n/a,0.924550816,DEC,4.0,2015-12-01
San Luis Obispo,CalWIN,2015,Annual Est.,18597.83333,45501.52763,n/a,0.408729867,DEC,4.0,2015-12-01
San Mateo,CalWIN,2015,Annual Est.,31802.58333,71863.83903,n/a,0.442539444,DEC,4.0,2015-12-01
Santa Barbara,CalWIN,2015,Annual Est.,37310.08333,73516.85469,n/a,0.507503803,DEC,4.0,2015-12-01
Santa Clara,CalWIN,2015,Annual Est.,110775.1667,160882.0304,n/a,0.688549034,DEC,4.0,2015-12-01
Santa Cruz,CalWIN,2015,Annual Est.,26006.41667,44874.51651,n/a,0.57953642,DEC,4.0,2015-12-01
Shasta,C-IV,2015,Annual Est.,25061.83333,36163.91709,n/a,0.693006603,DEC,4.0,2015-12-01
Sierra,C-IV,2015,5-yr. Est.,312.5,517.509346,2011-2015,0.603853829,DEC,4.0,2015-12-01
Siskiyou,C-IV,2015,5-yr. Est.,7053.083333,11426.95975,2011-2015,0.617231835,DEC,4.0,2015-12-01
Solano,CalWIN,2015,Annual Est.,43943.41667,65104.99139,n/a,0.67496233,DEC,4.0,2015-12-01
Sonoma,CalWIN,2015,Annual Est.,35963.66667,58010.09098,n/a,0.619955357,DEC,4.0,2015-12-01
Stanislaus,C-IV,2015,Annual Est.,92177.91667,105439.6471,n/a,0.874224442,DEC,4.0,2015-12-01
Sutter,C-IV,2015,Annual Est.,13172.41667,22251.18589,n/a,0.591987175,DEC,4.0,2015-12-01
Tehama,C-IV,2015,5-yr. Est.,10420.58333,14981.79991,2011-2015,0.695549493,DEC,4.0,2015-12-01
Trinity,C-IV,2015,5-yr. Est.,1832.25,3244.675017,2011-2015,0.564694458,DEC,4.0,2015-12-01
Tulare,CalWIN,2015,Annual Est.,124775.9167,136612.7115,n/a,0.913355099,DEC,4.0,2015-12-01
Tuolumne,C-IV,2015,5-yr. Est.,5586.166667,9026.375023,2011-2015,0.618871546,DEC,4.0,2015-12-01
Ventura,CalWIN,2015,Annual Est.,75753.33333,91148.77156,n/a,0.831095494,DEC,4.0,2015-12-01
Yolo,CalWIN,2015,Annual Est.,20737.08333,40868.09693,n/a,0.507414949,DEC,4.0,2015-12-01
Yuba,C-IV,2015,Annual Est.,13590.75,18760.69123,n/a,0.724426933,DEC,4.0,2015-12-01
California,n/a,2016,Annual Est.,4468335.917,0,n/a,0.0,DEC,4.0,2016-12-01
Alameda,CalWIN,2016,Annual Est.,120529.0833,0,n/a,0.0,DEC,4.0,2016-12-01
Alpine,C-IV,2016,5-yr. Est.,166.5833333,0,2012-2016,0.0,DEC,4.0,2016-12-01
Amador,C-IV,2016,5-yr. Est.,3405.416667,0,2012-2016,0.0,DEC,4.0,2016-12-01
Butte,C-IV,2016,Annual Est.,32050.5,0,n/a,0.0,DEC,4.0,2016-12-01
Calaveras,C-IV,2016,5-yr. Est.,5418.416667,0,2012-2016,0.0,DEC,4.0,2016-12-01
Colusa,C-IV,2016,5-yr. Est.,1522.833333,0,2012-2016,0.0,DEC,4.0,2016-12-01
Contra Costa,CalWIN,2016,Annual Est.,71653.83333,0,n/a,0.0,DEC,4.0,2016-12-01
Del Norte,C-IV,2016,5-yr. Est.,5212.25,0,2012-2016,0.0,DEC,4.0,2016-12-01
El Dorado,C-IV,2016,Annual Est.,13129.41667,0,n/a,0.0,DEC,4.0,2016-12-01
Fresno,CalWIN,2016,Annual Est.,228167.25,0,n/a,0.0,DEC,4.0,2016-12-01
Glenn,C-IV,2016,5-yr. Est.,3598.25,0,2012-2016,0.0,DEC,4.0,2016-12-01
Humboldt,C-IV,2016,Annual Est.,21059.08333,0,n/a,0.0,DEC,4.0,2016-12-01
Imperial,C-IV,2016,Annual Est.,43300.33333,0,n/a,0.0,DEC,4.0,2016-12-01
Inyo,C-IV,2016,5-yr. Est.,2084.5,0,2012-2016,0.0,DEC,4.0,2016-12-01
Kern,C-IV,2016,Annual Est.,160067.1667,0,n/a,0.0,DEC,4.0,2016-12-01
Kings,C-IV,2016,Annual Est.,24757.66667,0,n/a,0.0,DEC,4.0,2016-12-01
Lake,C-IV,2016,Annual Est.,12405.25,0,n/a,0.0,DEC,4.0,2016-12-01
Lassen,C-IV,2016,5-yr. Est.,3187.416667,0,2012-2016,0.0,DEC,4.0,2016-12-01
Los Angeles,LRS,2016,Annual Est.,1174514.75,0,n/a,0.0,DEC,4.0,2016-12-01
Madera,C-IV,2016,Annual Est.,29828.66667,0,n/a,0.0,DEC,4.0,2016-12-01
Marin,C-IV,2016,Annual Est.,10587.41667,0,n/a,0.0,DEC,4.0,2016-12-01
Mariposa,C-IV,2016,5-yr. Est.,2109.916667,0,2012-2016,0.0,DEC,4.0,2016-12-01
Mendocino,C-IV,2016,Annual Est.,13185.16667,0,n/a,0.0,DEC,4.0,2016-12-01
Merced,C-IV,2016,Annual Est.,58432.08333,0,n/a,0.0,DEC,4.0,2016-12-01
Modoc,C-IV,2016,5-yr. Est.,1003.166667,0,2012-2016,0.0,DEC,4.0,2016-12-01
Mono,C-IV,2016,5-yr. Est.,827.6666667,0,2012-2016,0.0,DEC,4.0,2016-12-01
Monterey,C-IV,2016,Annual Est.,51805.41667,0,n/a,0.0,DEC,4.0,2016-12-01
Napa,C-IV,2016,Annual Est.,7510.833333,0,n/a,0.0,DEC,4.0,2016-12-01
Nevada,C-IV,2016,Annual Est.,7735.666667,0,n/a,0.0,DEC,4.0,2016-12-01
Orange,CalWIN,2016,Annual Est.,257314.6667,0,n/a,0.0,DEC,4.0,2016-12-01
Placer,CalWIN,2016,Annual Est.,18190.91667,0,n/a,0.0,DEC,4.0,2016-12-01
Plumas,C-IV,2016,5-yr. Est.,2065.083333,0,2012-2016,0.0,DEC,4.0,2016-12-01
Riverside,C-IV,2016,Annual Est.,294473.1667,0,n/a,0.0,DEC,4.0,2016-12-01
Sacramento,CalWIN,2016,Annual Est.,219847.5,0,n/a,0.0,DEC,4.0,2016-12-01
San Benito,C-IV,2016,5-yr. Est.,6070.5,0,2012-2016,0.0,DEC,4.0,2016-12-01
San Bernardino,C-IV,2016,Annual Est.,401154.3333,0,n/a,0.0,DEC,4.0,2016-12-01
San Diego,CalWIN,2016,Annual Est.,291479.9167,0,n/a,0.0,DEC,4.0,2016-12-01
San Francisco,CalWIN,2016,Annual Est.,52182.66667,0,n/a,0.0,DEC,4.0,2016-12-01
San Joaquin,C-IV,2016,Annual Est.,121270.8333,0,n/a,0.0,DEC,4.0,2016-12-01
San Luis Obispo,CalWIN,2016,Annual Est.,18622.41667,0,n/a,0.0,DEC,4.0,2016-12-01
San Mateo,CalWIN,2016,Annual Est.,31718.66667,0,n/a,0.0,DEC,4.0,2016-12-01
Santa Barbara,CalWIN,2016,Annual Est.,37527.25,0,n/a,0.0,DEC,4.0,2016-12-01
Santa Clara,CalWIN,2016,Annual Est.,110279.0833,0,n/a,0.0,DEC,4.0,2016-12-01
Santa Cruz,CalWIN,2016,Annual Est.,26172.16667,0,n/a,0.0,DEC,4.0,2016-12-01
Shasta,C-IV,2016,Annual Est.,25060,0,n/a,0.0,DEC,4.0,2016-12-01
Sierra,C-IV,2016,5-yr. Est.,310.5833333,0,2012-2016,0.0,DEC,4.0,2016-12-01
Siskiyou,C-IV,2016,5-yr. Est.,7063.333333,0,2012-2016,0.0,DEC,4.0,2016-12-01
Solano,CalWIN,2016,Annual Est.,43965,0,n/a,0.0,DEC,4.0,2016-12-01
Sonoma,CalWIN,2016,Annual Est.,35910.33333,0,n/a,0.0,DEC,4.0,2016-12-01
Stanislaus,C-IV,2016,Annual Est.,92058.58333,0,n/a,0.0,DEC,4.0,2016-12-01
Sutter,C-IV,2016,Annual Est.,13189.58333,0,n/a,0.0,DEC,4.0,2016-12-01
Tehama,C-IV,2016,5-yr. Est.,10410.66667,0,2012-2016,0.0,DEC,4.0,2016-12-01
Trinity,C-IV,2016,5-yr. Est.,1829.5,0,2012-2016,0.0,DEC,4.0,2016-12-01
Tulare,CalWIN,2016,Annual Est.,124919.25,0,n/a,0.0,DEC,4.0,2016-12-01
Tuolumne,C-IV,2016,5-yr. Est.,5602.416667,0,2012-2016,0.0,DEC,4.0,2016-12-01
Ventura,CalWIN,2016,Annual Est.,75913.66667,0,n/a,0.0,DEC,4.0,2016-12-01
Yolo,CalWIN,2016,Annual Est.,20856.66667,0,n/a,0.0,DEC,4.0,2016-12-01
Yuba,C-IV,2016,Annual Est.,13621.16667,0,n/a,0.0,DEC,4.0,2016-12-01
